{
  "POST Register Seller" : {
    "transaction" : "POST Register Seller",
    "sampleCount" : 200,
    "errorCount" : 0,
    "errorPct" : 0.0,
    "meanResTime" : 1678.4200000000008,
    "medianResTime" : 1550.5,
    "minResTime" : 615.0,
    "maxResTime" : 4226.0,
    "pct1ResTime" : 2324.4,
    "pct2ResTime" : 2772.5499999999997,
    "pct3ResTime" : 4201.6,
    "throughput" : 1.0429486243507646,
    "receivedKBytesPerSec" : 1.7719839718351722,
    "sentKBytesPerSec" : 0.0
  },
  "POST Login Seller" : {
    "transaction" : "POST Login Seller",
    "sampleCount" : 200,
    "errorCount" : 0,
    "errorPct" : 0.0,
    "meanResTime" : 1682.4099999999992,
    "medianResTime" : 1526.5,
    "minResTime" : 321.0,
    "maxResTime" : 3676.0,
    "pct1ResTime" : 3046.9,
    "pct2ResTime" : 3096.6,
    "pct3ResTime" : 3554.680000000003,
    "throughput" : 1.0524820157135566,
    "receivedKBytesPerSec" : 1.7874001951038538,
    "sentKBytesPerSec" : 0.0
  },
  "GET List Product" : {
    "transaction" : "GET List Product",
    "sampleCount" : 200,
    "errorCount" : 0,
    "errorPct" : 0.0,
    "meanResTime" : 1022.9650000000003,
    "medianResTime" : 983.0,
    "minResTime" : 102.0,
    "maxResTime" : 2044.0,
    "pct1ResTime" : 1531.2,
    "pct2ResTime" : 1719.9,
    "pct3ResTime" : 1996.2100000000007,
    "throughput" : 1.1122604469062476,
    "receivedKBytesPerSec" : 14.028330577012914,
    "sentKBytesPerSec" : 0.23244505433392285
  },
  "PUT Update Offer-1" : {
    "transaction" : "PUT Update Offer-1",
    "sampleCount" : 200,
    "errorCount" : 0,
    "errorPct" : 0.0,
    "meanResTime" : 1054.0899999999992,
    "medianResTime" : 1068.5,
    "minResTime" : 116.0,
    "maxResTime" : 1811.0,
    "pct1ResTime" : 1437.9,
    "pct2ResTime" : 1533.3499999999997,
    "pct3ResTime" : 1806.1800000000007,
    "throughput" : 1.1195951543921716,
    "receivedKBytesPerSec" : 22.879276853489777,
    "sentKBytesPerSec" : 0.4493687582570143
  },
  "GET List Categories" : {
    "transaction" : "GET List Categories",
    "sampleCount" : 200,
    "errorCount" : 0,
    "errorPct" : 0.0,
    "meanResTime" : 1051.5649999999998,
    "medianResTime" : 988.0,
    "minResTime" : 40.0,
    "maxResTime" : 3038.0,
    "pct1ResTime" : 1665.3000000000002,
    "pct2ResTime" : 1923.2999999999988,
    "pct3ResTime" : 2518.840000000001,
    "throughput" : 1.0694214964415,
    "receivedKBytesPerSec" : 1.117461915226958,
    "sentKBytesPerSec" : 0.18693989049123877
  },
  "GET Category" : {
    "transaction" : "GET Category",
    "sampleCount" : 200,
    "errorCount" : 0,
    "errorPct" : 0.0,
    "meanResTime" : 883.9150000000002,
    "medianResTime" : 896.5,
    "minResTime" : 55.0,
    "maxResTime" : 2999.0,
    "pct1ResTime" : 1386.9,
    "pct2ResTime" : 1555.6,
    "pct3ResTime" : 2857.450000000006,
    "throughput" : 1.0825439783491204,
    "receivedKBytesPerSec" : 0.7706782814614344,
    "sentKBytesPerSec" : 0.19134810554803788
  },
  "GET Profile" : {
    "transaction" : "GET Profile",
    "sampleCount" : 200,
    "errorCount" : 0,
    "errorPct" : 0.0,
    "meanResTime" : 1162.2450000000003,
    "medianResTime" : 1131.5,
    "minResTime" : 37.0,
    "maxResTime" : 3115.0,
    "pct1ResTime" : 1705.5,
    "pct2ResTime" : 1938.4499999999996,
    "pct3ResTime" : 3023.9300000000003,
    "throughput" : 1.0849517196484757,
    "receivedKBytesPerSec" : 1.5013443229901269,
    "sentKBytesPerSec" : 0.44923782141694696
  },
  "PUT Update Offer-0" : {
    "transaction" : "PUT Update Offer-0",
    "sampleCount" : 200,
    "errorCount" : 0,
    "errorPct" : 0.0,
    "meanResTime" : 818.6099999999998,
    "medianResTime" : 779.0,
    "minResTime" : 41.0,
    "maxResTime" : 2692.0,
    "pct1ResTime" : 1312.7,
    "pct2ResTime" : 1469.7999999999997,
    "pct3ResTime" : 2136.710000000001,
    "throughput" : 1.1169627548769387,
    "receivedKBytesPerSec" : 1.2026329255488477,
    "sentKBytesPerSec" : 0.5421196183338267
  },
  "GET List Offers" : {
    "transaction" : "GET List Offers",
    "sampleCount" : 200,
    "errorCount" : 0,
    "errorPct" : 0.0,
    "meanResTime" : 895.6249999999997,
    "medianResTime" : 855.5,
    "minResTime" : 48.0,
    "maxResTime" : 2691.0,
    "pct1ResTime" : 1360.3000000000002,
    "pct2ResTime" : 1548.55,
    "pct3ResTime" : 2173.140000000001,
    "throughput" : 1.1241891785549674,
    "receivedKBytesPerSec" : 1.2387049727103077,
    "sentKBytesPerSec" : 0.47646299169224193
  },
  "DEL Delete Product" : {
    "transaction" : "DEL Delete Product",
    "sampleCount" : 200,
    "errorCount" : 0,
    "errorPct" : 0.0,
    "meanResTime" : 884.3100000000003,
    "medianResTime" : 855.5,
    "minResTime" : 61.0,
    "maxResTime" : 3105.0,
    "pct1ResTime" : 1355.3000000000002,
    "pct2ResTime" : 1646.349999999999,
    "pct3ResTime" : 2318.83,
    "throughput" : 1.129713730540681,
    "receivedKBytesPerSec" : 0.9696672745938679,
    "sentKBytesPerSec" : 0.49866270137147245
  },
  "PUT Update Product" : {
    "transaction" : "PUT Update Product",
    "sampleCount" : 200,
    "errorCount" : 0,
    "errorPct" : 0.0,
    "meanResTime" : 1783.7399999999998,
    "medianResTime" : 1689.5,
    "minResTime" : 582.0,
    "maxResTime" : 5641.0,
    "pct1ResTime" : 2416.5000000000005,
    "pct2ResTime" : 2894.95,
    "pct3ResTime" : 5045.45000000001,
    "throughput" : 1.1032048099729714,
    "receivedKBytesPerSec" : 2.3669937927491866,
    "sentKBytesPerSec" : 101.24077143320095
  },
  "PUT Update Offer" : {
    "transaction" : "PUT Update Offer",
    "sampleCount" : 200,
    "errorCount" : 0,
    "errorPct" : 0.0,
    "meanResTime" : 1872.8449999999996,
    "medianResTime" : 1894.5,
    "minResTime" : 157.0,
    "maxResTime" : 4397.0,
    "pct1ResTime" : 2563.7,
    "pct2ResTime" : 2835.5,
    "pct3ResTime" : 3314.4500000000007,
    "throughput" : 1.1162396119951108,
    "receivedKBytesPerSec" : 24.012559614171778,
    "sentKBytesPerSec" : 0.9897905934487897
  },
  "Total" : {
    "transaction" : "Total",
    "sampleCount" : 3200,
    "errorCount" : 0,
    "errorPct" : 0.0,
    "meanResTime" : 1302.4934375000023,
    "medianResTime" : 1160.0,
    "minResTime" : 37.0,
    "maxResTime" : 22162.0,
    "pct1ResTime" : 2150.9,
    "pct2ResTime" : 2560.95,
    "pct3ResTime" : 3683.9199999999983,
    "throughput" : 16.419855710517943,
    "receivedKBytesPerSec" : 76.3110539222289,
    "sentKBytesPerSec" : 197.5837496825067
  },
  "GET Product ID" : {
    "transaction" : "GET Product ID",
    "sampleCount" : 200,
    "errorCount" : 0,
    "errorPct" : 0.0,
    "meanResTime" : 878.1450000000006,
    "medianResTime" : 824.0,
    "minResTime" : 48.0,
    "maxResTime" : 2644.0,
    "pct1ResTime" : 1366.4,
    "pct2ResTime" : 1473.95,
    "pct3ResTime" : 2209.4200000000005,
    "throughput" : 1.1142123354447657,
    "receivedKBytesPerSec" : 1.806634368436593,
    "sentKBytesPerSec" : 0.2230600866857197
  },
  "POST Create Offer" : {
    "transaction" : "POST Create Offer",
    "sampleCount" : 200,
    "errorCount" : 0,
    "errorPct" : 0.0,
    "meanResTime" : 991.1899999999998,
    "medianResTime" : 934.0,
    "minResTime" : 75.0,
    "maxResTime" : 2717.0,
    "pct1ResTime" : 1422.1000000000001,
    "pct2ResTime" : 1669.7499999999995,
    "pct3ResTime" : 2458.550000000001,
    "throughput" : 1.1155920726027322,
    "receivedKBytesPerSec" : 3.356221709282284,
    "sentKBytesPerSec" : 0.5872110616531959
  },
  "PUT Update Profile" : {
    "transaction" : "PUT Update Profile",
    "sampleCount" : 200,
    "errorCount" : 0,
    "errorPct" : 0.0,
    "meanResTime" : 2535.8850000000007,
    "medianResTime" : 2251.5,
    "minResTime" : 1052.0,
    "maxResTime" : 22162.0,
    "pct1ResTime" : 3517.6000000000004,
    "pct2ResTime" : 4205.9,
    "pct3ResTime" : 6449.620000000012,
    "throughput" : 1.0769769257693653,
    "receivedKBytesPerSec" : 1.489809316186963,
    "sentKBytesPerSec" : 51.82379311273256
  },
  "POST Create Product" : {
    "transaction" : "POST Create Product",