{
  "POST Register Seller" : {
    "transaction" : "POST Register Seller",
    "sampleCount" : 200,
    "errorCount" : 0,
    "errorPct" : 0.0,
    "meanResTime" : 2002.2849999999992,
    "medianResTime" : 1421.0,
    "minResTime" : 337.0,
    "maxResTime" : 7006.0,
    "pct1ResTime" : 4221.5,
    "pct2ResTime" : 5259.45,
    "pct3ResTime" : 6989.840000000002,
    "throughput" : 0.8369286392795718,
    "receivedKBytesPerSec" : 0.48630130895639184,
    "sentKBytesPerSec" : 0.0
  },
  "GET Seller Product ID" : {
    "transaction" : "GET Seller Product ID",
    "sampleCount" : 200,
    "errorCount" : 0,
    "errorPct" : 0.0,
    "meanResTime" : 1521.365,
    "medianResTime" : 1127.0,
    "minResTime" : 474.0,
    "maxResTime" : 7517.0,
    "pct1ResTime" : 2529.8,
    "pct2ResTime" : 3788.4499999999975,
    "pct3ResTime" : 6796.720000000002,
    "throughput" : 0.8448943037226042,
    "receivedKBytesPerSec" : 0.593241215211477,
    "sentKBytesPerSec" : 0.29455787737204076
  },
  "POST Register Buyer" : {
    "transaction" : "POST Register Buyer",
    "sampleCount" : 200,
    "errorCount" : 0,
    "errorPct" : 0.0,
    "meanResTime" : 1921.9299999999992,
    "medianResTime" : 1465.0,
    "minResTime" : 302.0,
    "maxResTime" : 6956.0,
    "pct1ResTime" : 4200.3,
    "pct2ResTime" : 5458.749999999999,
    "pct3ResTime" : 6948.0,
    "throughput" : 0.8466396870819717,
    "receivedKBytesPerSec" : 0.480368806830689,
    "sentKBytesPerSec" : 1.1513969025687047
  },
  "POST Product" : {
    "transaction" : "POST Product",
    "sampleCount" : 200,
    "errorCount" : 0,
    "errorPct" : 0.0,
    "meanResTime" : 3788.1499999999974,
    "medianResTime" : 2465.5,
    "minResTime" : 880.0,
    "maxResTime" : 12292.0,
    "pct1ResTime" : 9229.800000000001,
    "pct2ResTime" : 9723.9,
    "pct3ResTime" : 10503.45,
    "throughput" : 0.8337884428583935,
    "receivedKBytesPerSec" : 0.553687637835652,
    "sentKBytesPerSec" : 0.0
  },
  "GET Buyer Products" : {
    "transaction" : "GET Buyer Products",
    "sampleCount" : 200,
    "errorCount" : 0,
    "errorPct" : 0.0,
    "meanResTime" : 1405.1050000000002,
    "medianResTime" : 850.5,
    "minResTime" : 267.0,
    "maxResTime" : 5771.0,
    "pct1ResTime" : 3955.600000000001,
    "pct2ResTime" : 4759.9,
    "pct3ResTime" : 5502.97,
    "throughput" : 0.8526203153842546,
    "receivedKBytesPerSec" : 0.6178166738428876,
    "sentKBytesPerSec" : 0.33888326988417156
  },
  "POST Buyer Order" : {
    "transaction" : "POST Buyer Order",
    "sampleCount" : 200,
    "errorCount" : 0,
    "errorPct" : 0.0,
    "meanResTime" : 1503.6499999999994,
    "medianResTime" : 1135.0,
    "minResTime" : 142.0,
    "maxResTime" : 8713.0,
    "pct1ResTime" : 3026.7000000000003,
    "pct2ResTime" : 3726.65,
    "pct3ResTime" : 6743.490000000021,
    "throughput" : 0.8552527485685206,
    "receivedKBytesPerSec" : 0.5646004472971875,
    "sentKBytesPerSec" : 0.3541280912041531
  },
  "GET Buyer Order" : {
    "transaction" : "GET Buyer Order",
    "sampleCount" : 200,
    "errorCount" : 0,
    "errorPct" : 0.0,
    "meanResTime" : 667.7649999999999,
    "medianResTime" : 563.5,
    "minResTime" : 95.0,
    "maxResTime" : 4991.0,
    "pct1ResTime" : 934.8000000000001,
    "pct2ResTime" : 1091.0499999999997,
    "pct3ResTime" : 3962.5900000000192,
    "throughput" : 0.8606963033093773,
    "receivedKBytesPerSec" : 1.0355252399190946,
    "sentKBytesPerSec" : 0.29250225932779617
  },
  "PUT Buyer Order By ID" : {
    "transaction" : "PUT Buyer Order By ID",
    "sampleCount" : 200,
    "errorCount" : 0,
    "errorPct" : 0.0,
    "meanResTime" : 1266.8700000000006,
    "medianResTime" : 766.0,
    "minResTime" : 102.0,
    "maxResTime" : 11482.0,
    "pct1ResTime" : 2037.5000000000002,
    "pct2ResTime" : 2606.9999999999964,
    "pct3ResTime" : 11012.96000000001,
    "throughput" : 0.8637406014225808,
    "receivedKBytesPerSec" : 0.5659862730024919,
    "sentKBytesPerSec" : 0.33992916247392585
  },
  "GET Buyer Order ID" : {
    "transaction" : "GET Buyer Order ID",
    "sampleCount" : 200,
    "errorCount" : 0,
    "errorPct" : 0.0,
    "meanResTime" : 738.9899999999996,
    "medianResTime" : 581.0,
    "minResTime" : 126.0,
    "maxResTime" : 5931.0,
    "pct1ResTime" : 1040.0,
    "pct2ResTime" : 1346.499999999999,
    "pct3ResTime" : 4500.220000000007,
    "throughput" : 0.8622101896000207,
    "receivedKBytesPerSec" : 1.037346634362525,
    "sentKBytesPerSec" : 0.29385874626016334
  },
  "POST Login" : {
    "transaction" : "POST Login",
    "sampleCount" : 200,
    "errorCount" : 0,
    "errorPct" : 0.0,
    "meanResTime" : 1379.139999999999,
    "medianResTime" : 998.5,
    "minResTime" : 196.0,
    "maxResTime" : 4537.0,
    "pct1ResTime" : 3269.8,
    "pct2ResTime" : 4051.649999999999,
    "pct3ResTime" : 4531.82,
    "throughput" : 0.8355475342992262,
    "receivedKBytesPerSec" : 0.42103762470546946,
    "sentKBytesPerSec" : 0.0
  },
  "POST Login Buyer" : {
    "transaction" : "POST Login Buyer",
    "sampleCount" : 200,
    "errorCount" : 0,
    "errorPct" : 0.0,
    "meanResTime" : 1260.2800000000002,
    "medianResTime" : 933.0,
    "minResTime" : 212.0,
    "maxResTime" : 5036.0,
    "pct1ResTime" : 2753.7,
    "pct2ResTime" : 3736.9,
    "pct3ResTime" : 4772.52,
    "throughput" : 0.8458304786554679,
    "receivedKBytesPerSec" : 0.41795920136686204,
    "sentKBytesPerSec" : 0.23871582844866232
  },
  "GET Seller Product" : {
    "transaction" : "GET Seller Product",
    "sampleCount" : 200,
    "errorCount" : 0,
    "errorPct" : 0.0,
    "meanResTime" : 1279.049999999999,
    "medianResTime" : 1090.5,
    "minResTime" : 487.0,
    "maxResTime" : 3981.0,
    "pct1ResTime" : 2221.2000000000003,
    "pct2ResTime" : 2701.5,
    "pct3ResTime" : 3469.7200000000003,
    "throughput" : 0.841421497477839,
    "receivedKBytesPerSec" : 0.5924461910952362,
    "sentKBytesPerSec" : 0.28841693907687643
  },
  "GET Buyer Products ID" : {
    "transaction" : "GET Buyer Products ID",
    "sampleCount" : 200,
    "errorCount" : 0,
    "errorPct" : 0.0,
    "meanResTime" : 768.1950000000002,
    "medianResTime" : 526.5,
    "minResTime" : 57.0,
    "maxResTime" : 3235.0,
    "pct1ResTime" : 1768.7,
    "pct2ResTime" : 2445.85,
    "pct3ResTime" : 3226.530000000005,
    "throughput" : 0.8549383375724026,
    "receivedKBytesPerSec" : 0.9509519204052408,
    "sentKBytesPerSec" : 0.18284325774253532
  },
  "Total" : {
    "transaction" : "Total",
    "sampleCount" : 3200,
    "errorCount" : 0,
    "errorPct" : 0.0,
    "meanResTime" : 1527.6459375000004,
    "medianResTime" : 1000.0,
    "minResTime" : 57.0,
    "maxResTime" : 13232.0,
    "pct1ResTime" : 3235.0,
    "pct2ResTime" : 4767.0,
    "pct3ResTime" : 8771.409999999987,
    "throughput" : 13.01670205582538,
    "receivedKBytesPerSec" : 9.0101573495554,
    "sentKBytesPerSec" : 42.70619539722297
  },
  "DEL Seller Product ID" : {
    "transaction" : "DEL Seller Product ID",
    "sampleCount" : 200,
    "errorCount" : 0,
    "errorPct" : 0.0,
    "meanResTime" : 1473.2900000000002,
    "medianResTime" : 803.0,
    "minResTime" : 76.0,
    "maxResTime" : 13232.0,
    "pct1ResTime" : 4036.4000000000005,
    "pct2ResTime" : 4847.9,
    "pct3ResTime" : 8435.430000000026,
    "throughput" : 0.8682515150988939,
    "receivedKBytesPerSec" : 0.2645453835066942,
    "sentKBytesPerSec" : 0.32135480881101636
  },
  "DEL Buyer Order" : {
    "transaction" : "DEL Buyer Order",
    "sampleCount" : 200,
    "errorCount" : 0,
    "errorPct" : 0.0,
    "meanResTime" : 753.89,
    "medianResTime" : 526.0,
    "minResTime" : 77.0,
    "maxResTime" : 6456.0,
    "pct1ResTime" : 1399.4,
    "pct2ResTime" : 1778.1,
    "pct3ResTime" : 3551.2400000000052,
    "throughput" : 0.8669906321662194,
    "receivedKBytesPerSec" : 0.2709345725519436,
    "sentKBytesPerSec" : 0.3183481227485337
  },
  "PUT Update Profil" : {
    "transaction" : "PUT Update Profil",
    "sampleCount" : 200,
    "errorCount" : 0,